; 완성 요리 데이터
; id: uint (FOOD_001=3001 ~ FOOD_005=3005)
; buffAttribute: None/Fire/Water/Wind/Earth/Magic/Poison
; spriteAddress → DataManagerWindow Sync 시 자동 생성
; nameKey/descKey: 비워두면 _key + _NAME/_DESC 로 자동 생성 (StringData 참조)
#TYPE,string,uint,string,string,int,int,AttributeType,float,int
_key,Id,NameKey,DescKey,BasePrice,HpRestore,BuffAttribute,BuffMultiplier,BuffDurationDays
FOOD_001,3001,,,50,20,None,1.0,0
FOOD_002,3002,,,80,10,Fire,1.15,1
FOOD_003,3003,,,70,40,None,1.0,0
FOOD_004,3004,,,90,15,Poison,1.1,1
FOOD_005,3005,,,250,50,Earth,1.2,2
