; 레시피 데이터
; id: uint (RCP_001=4001 ~ RCP_005=4005)
; ingredients: "uint재료ID:수량|uint재료ID:수량" 형식 (파이프 구분)
; resultFoodId: uint (FOOD uint)
; isUnlockedByDefault: true/false
; nameKey/descKey: 비워두면 _key + _NAME/_DESC 로 자동 생성 (StringData 참조)
#TYPE,string,uint,string,string,string,uint,int,int,bool
_key,Id,NameKey,DescKey,Ingredients,ResultFoodId,CookTimeSeconds,UnlockDay,IsUnlockedByDefault
RCP_001,4001,,,2001:2,3001,10,0,true
RCP_002,4002,,,2002:1|2001:1,3002,15,0,true
RCP_003,4003,,,2003:3,3003,20,1,false
RCP_004,4004,,,2005:2,3004,12,1,false
RCP_005,4005,,,2007:1,3005,30,3,false
